"Student_Name";"Test_Case_1 (10)";"Test_Case_2 (10)";"Test_Case_3 (10)";"Test_Case_4 (10)";"Code_1 (10)";"Code_2 (10)";"Code_3 (10)";"Code_4 (10)";"Code_5 (10)";"Code_6 (10)";"Total_Marks (100)";"Comments"
21CS30010;0;0;0;0;0;0;0;0;0;0;0;LT2 file was not submitted properly ~~Mark/s lost: 100 out of 100~~~~~~==============================~~~~############ TOTAL MARKS OBTAINED = 0 ############
21CS10078;0;0;0;0;0;0;0;0;0;0;0;LT2 file was not submitted properly ~~Mark/s lost: 100 out of 100~~~~~~==============================~~~~############ TOTAL MARKS OBTAINED = 0 ############
22AG30008;10;10;10;10;10;10;5;10;5;5;85;========= TEST CASES =========~~~~~~Your output:~~Enter the value of m :Enter the value of n :Enter 4 elements 12~~34~~~~~~Your output:~~Enter the value of m :Enter the value of n :Enter 6 elements 12~~34~~56~~~~~~Your output:~~Enter the value of m :Enter the value of n :Enter 6 elements 123~~456~~~~~~Your output:~~Enter the value of m :Enter the value of n :Enter 9 elements 987~~654~~321~~~~~~========= CODE CASES =========~~~~~~PASSED: Code Case 1:~~Taken Row and Column as Input~~  Mark/s obtained: 10 out of 10~~~~~~PASSED: Code Case 2:~~Initialized Matrix~~  Mark/s obtained: 10 out of 10~~~~~~FAILED: Code Case 3:~~Used malloc to Initialize~~  Mark/s obtained: 5 out of 10~~~~~~PASSED: Code Case 4:~~printed the output Matrix in order~~  Mark/s obtained: 10 out of 10~~~~~~FAILED: Code Case 5:~~Tried to use recursion~~  Mark/s obtained: 5 out of 10~~~~~~FAILED: Code Case 6:~~Printed the matrix while taking an input~~  Mark/s obtained: 5 out of 10~~~~~~==============================~~~~########### TOTAL MARKS OBTAINED = 85 ############
22AG10021;0;0;0;0;0;0;0;0;0;0;0;LT2 file was not submitted properly ~~Mark/s lost: 100 out of 100~~~~~~==============================~~~~############ TOTAL MARKS OBTAINED = 0 ############
22CS10049;0;0;0;0;0;0;0;0;0;0;0;LT2 file was not submitted properly ~~Mark/s lost: 100 out of 100~~~~~~==============================~~~~############ TOTAL MARKS OBTAINED = 0 ############
22MT10042;0;0;0;0;0;0;0;0;0;0;0;LT2 file was not submitted properly ~~Mark/s lost: 100 out of 100~~~~~~==============================~~~~############ TOTAL MARKS OBTAINED = 0 ############
22CS10009;8;8;8;8;10;10;10;10;10;10;92;========= TEST CASES =========~~~~~~Your output:~~Enter the value of m :~~Enter the value of n :~~1	2	~~3	4	~~13660128	0	~~~~~~FAILED: Test Case 1: ~~IN:~~Enter M:2~~Enter N:2~~Enter 4 elements: 1 2 3 4~~~~Exp OUT:~~1 2~~3 4~~~~ ~~  Mark/s obtained: 8 out of 10~~~~~~Your output:~~Enter the value of m :~~Enter the value of n :~~1	2	~~3	4	~~5	6	~~12546016	0	~~~~~~FAILED: Test Case 2: ~~IN:~~Enter M: 3~~Enter N: 2~~Enter 6 elements: 1 2 3 4 5 6~~~~Exp OUT:~~1 2~~3 4~~5 6~~~~ ~~  Mark/s obtained: 8 out of 10~~~~~~Your output:~~Enter the value of m :~~Enter the value of n :~~1	2	3	~~4	5	6	~~7040992	0	7012688	~~~~~~FAILED: Test Case 3: ~~IN:~~Enter M: 2~~Enter N: 3~~Enter 6 elements: 1 2 3 4 5 6~~~~Exp OUT:~~1 2 3~~4 5 6~~~~ ~~  Mark/s obtained: 8 out of 10~~~~~~Your output:~~Enter the value of m :~~Enter the value of n :~~9	8	7	~~6	5	4	~~3	2	1	~~10252256	0	10223952	~~~~~~FAILED: Test Case 4: ~~IN:~~Enter M: 3~~Enter N: 3~~Enter 9 elements: 9 8 7 6 5 4 3 2 1~~~~Exp OUT:~~9 8 7~~6 5 4~~3 2 1~~~~ ~~  Mark/s obtained: 8 out of 10~~~~~~========= CODE CASES =========~~~~~~PASSED: Code Case 1:~~Taken Row and Column as Input~~  Mark/s obtained: 10 out of 10~~~~~~PASSED: Code Case 2:~~Initialized Matrix~~  Mark/s obtained: 10 out of 10~~~~~~PASSED: Code Case 3:~~Used malloc to Initialize~~  Mark/s obtained: 10 out of 10~~~~~~PASSED: Code Case 4:~~printed the output Matrix in order~~  Mark/s obtained: 10 out of 10~~~~~~PASSED: Code Case 5:~~Tried to use recursion~~  Mark/s obtained: 10 out of 10~~~~~~PASSED: Code Case 6:~~Printed the matrix while taking an input~~  Mark/s obtained: 10 out of 10~~~~~~==============================~~~~########### TOTAL MARKS OBTAINED = 92 ############
22IM30014;0;0;0;0;0;0;0;0;0;0;0;LT2 file was not submitted properly ~~Mark/s lost: 100 out of 100~~~~~~==============================~~~~############ TOTAL MARKS OBTAINED = 0 ############
22EE30027;10;10;10;10;10;10;10;10;5;5;90;========= TEST CASES =========~~~~~~Your output:~~Input the values of M and N: Enter 4 elements: 1 2 ~~3 4 ~~~~~~Your output:~~Input the values of M and N: Enter 6 elements: 1 2 ~~3 4 ~~5 6 ~~~~~~Your output:~~Input the values of M and N: Enter 6 elements: 1 2 3 ~~4 5 6 ~~~~~~Your output:~~Input the values of M and N: Enter 9 elements: 9 8 7 ~~6 5 4 ~~3 2 1 ~~~~~~========= CODE CASES =========~~~~~~PASSED: Code Case 1:~~Taken Row and Column as Input~~  Mark/s obtained: 10 out of 10~~~~~~PASSED: Code Case 2:~~Initialized Matrix~~  Mark/s obtained: 10 out of 10~~~~~~PASSED: Code Case 3:~~Used malloc to Initialize~~  Mark/s obtained: 10 out of 10~~~~~~PASSED: Code Case 4:~~printed the output Matrix in order~~  Mark/s obtained: 10 out of 10~~~~~~FAILED: Code Case 5:~~Tried to use recursion~~  Mark/s obtained: 5 out of 10~~~~~~FAILED: Code Case 6:~~Printed the matrix while taking an input~~  Mark/s obtained: 5 out of 10~~~~~~==============================~~~~########### TOTAL MARKS OBTAINED = 90 ############
22AG30028;0;0;0;0;10;10;8;10;5;5;48;========= TEST CASES =========~~~~~~FAILED: Code didn't compile successfully~~  Mark/s obtained: 0 out of 40~~~~~~========= CODE CASES =========~~~~~~PASSED: Code Case 1:~~Taken Row and Column as Input~~  Mark/s obtained: 10 out of 10~~~~~~PASSED: Code Case 2:~~Initialized Matrix~~  Mark/s obtained: 10 out of 10~~~~~~FAILED: Code Case 3:~~Used malloc to Initialize~~  Mark/s obtained: 8 out of 10~~~~~~PASSED: Code Case 4:~~printed the output Matrix in order~~  Mark/s obtained: 10 out of 10~~~~~~FAILED: Code Case 5:~~Tried to use recursion~~  Mark/s obtained: 5 out of 10~~~~~~FAILED: Code Case 6:~~Printed the matrix while taking an input~~  Mark/s obtained: 5 out of 10~~~~~~==============================~~~~########### TOTAL MARKS OBTAINED = 48 ############
22MI10032;0;0;0;0;0;0;0;0;0;0;0;LT2 file was not submitted properly ~~Mark/s lost: 100 out of 100~~~~~~==============================~~~~############ TOTAL MARKS OBTAINED = 0 ############
22EE10008;10;10;10;10;10;10;10;10;10;5;95;========= TEST CASES =========~~~~~~Your output:~~Enter M : Enter N : Enter 4 elements : 1 2~~3 4~~~~~~Your output:~~Enter M : Enter N : Enter 6 elements : 1 2~~3 4~~5 6~~~~~~Your output:~~Enter M : Enter N : Enter 6 elements : 1 2 3~~4 5 6~~~~~~Your output:~~Enter M : Enter N : Enter 9 elements : 9 8 7~~6 5 4~~3 2 1~~~~~~========= CODE CASES =========~~~~~~PASSED: Code Case 1:~~Taken Row and Column as Input~~  Mark/s obtained: 10 out of 10~~~~~~PASSED: Code Case 2:~~Initialized Matrix~~  Mark/s obtained: 10 out of 10~~~~~~PASSED: Code Case 3:~~Used malloc to Initialize~~  Mark/s obtained: 10 out of 10~~~~~~PASSED: Code Case 4:~~printed the output Matrix in order~~  Mark/s obtained: 10 out of 10~~~~~~PASSED: Code Case 5:~~Tried to use recursion~~  Mark/s obtained: 10 out of 10~~~~~~FAILED: Code Case 6:~~Printed the matrix while taking an input~~  Mark/s obtained: 5 out of 10~~~~~~==============================~~~~########### TOTAL MARKS OBTAINED = 95 ############
22CS30008;10;10;10;10;10;10;10;10;10;10;100;Keep up the good work~~~~========= TEST CASES =========~~~~~~Your output:~~Enter M : Enter N : Enter 4 elements: 1 ~~1 2 ~~~~1 2 ~~3 ~~1 2 ~~3 4 ~~~~~~~~Your output:~~Enter M : Enter N : Enter 6 elements: 1 ~~1 2 ~~~~1 2 ~~3 ~~1 2 ~~3 4 ~~~~1 2 ~~3 4 ~~5 ~~1 2 ~~3 4 ~~5 6 ~~~~~~~~Your output:~~Enter M : Enter N : Enter 6 elements: 1 ~~1 2 ~~1 2 3 ~~~~1 2 3 ~~4 ~~1 2 3 ~~4 5 ~~1 2 3 ~~4 5 6 ~~~~~~~~Your output:~~Enter M : Enter N : Enter 9 elements: 9 ~~9 8 ~~9 8 7 ~~~~9 8 7 ~~6 ~~9 8 7 ~~6 5 ~~9 8 7 ~~6 5 4 ~~~~9 8 7 ~~6 5 4 ~~3 ~~9 8 7 ~~6 5 4 ~~3 2 ~~9 8 7 ~~6 5 4 ~~3 2 1 ~~~~~~~~========= CODE CASES =========~~~~~~PASSED: Code Case 1:~~Taken Row and Column as Input~~  Mark/s obtained: 10 out of 10~~~~~~PASSED: Code Case 2:~~Initialized Matrix~~  Mark/s obtained: 10 out of 10~~~~~~PASSED: Code Case 3:~~Used malloc to Initialize~~  Mark/s obtained: 10 out of 10~~~~~~PASSED: Code Case 4:~~printed the output Matrix in order~~  Mark/s obtained: 10 out of 10~~~~~~PASSED: Code Case 5:~~Tried to use recursion~~  Mark/s obtained: 10 out of 10~~~~~~PASSED: Code Case 6:~~Printed the matrix while taking an input~~  Mark/s obtained: 10 out of 10~~~~~~==============================~~~~########### TOTAL MARKS OBTAINED = 100 ###########
22IE10007;10;10;10;10;10;10;10;10;5;5;90;========= TEST CASES =========~~~~~~Your output:~~Enter M: ~~Enter N: ~~Enter 4 elements:~~1 2 ~~3 4 ~~~~~~Your output:~~Enter M: ~~Enter N: ~~Enter 6 elements:~~1 2 ~~3 4 ~~5 6 ~~~~~~Your output:~~Enter M: ~~Enter N: ~~Enter 6 elements:~~1 2 3 ~~4 5 6 ~~~~~~Your output:~~Enter M: ~~Enter N: ~~Enter 9 elements:~~9 8 7 ~~6 5 4 ~~3 2 1 ~~~~~~========= CODE CASES =========~~~~~~PASSED: Code Case 1:~~Taken Row and Column as Input~~  Mark/s obtained: 10 out of 10~~~~~~PASSED: Code Case 2:~~Initialized Matrix~~  Mark/s obtained: 10 out of 10~~~~~~PASSED: Code Case 3:~~Used malloc to Initialize~~  Mark/s obtained: 10 out of 10~~~~~~PASSED: Code Case 4:~~printed the output Matrix in order~~  Mark/s obtained: 10 out of 10~~~~~~FAILED: Code Case 5:~~Tried to use recursion~~  Mark/s obtained: 5 out of 10~~~~~~FAILED: Code Case 6:~~Printed the matrix while taking an input~~  Mark/s obtained: 5 out of 10~~~~~~==============================~~~~########### TOTAL MARKS OBTAINED = 90 ############
22MA10021;0;0;0;0;0;0;0;0;0;0;0;LT2 file was not submitted properly ~~Mark/s lost: 100 out of 100~~~~~~==============================~~~~############ TOTAL MARKS OBTAINED = 0 ############
22EE30007;0;0;0;0;10;10;5;10;10;5;50;========= TEST CASES =========~~~~~~FAILED: Code didn't compile successfully~~  Mark/s obtained: 0 out of 40~~~~~~========= CODE CASES =========~~~~~~PASSED: Code Case 1:~~Taken Row and Column as Input~~  Mark/s obtained: 10 out of 10~~~~~~PASSED: Code Case 2:~~Initialized Matrix~~  Mark/s obtained: 10 out of 10~~~~~~FAILED: Code Case 3:~~Used malloc to Initialize~~  Mark/s obtained: 5 out of 10~~~~~~PASSED: Code Case 4:~~printed the output Matrix in order~~  Mark/s obtained: 10 out of 10~~~~~~PASSED: Code Case 5:~~Tried to use recursion~~  Mark/s obtained: 10 out of 10~~~~~~FAILED: Code Case 6:~~Printed the matrix while taking an input~~  Mark/s obtained: 5 out of 10~~~~~~==============================~~~~########### TOTAL MARKS OBTAINED = 50 ############
22AG10041;10;5;10;5;10;10;5;10;5;5;75;========= TEST CASES =========~~~~~~Your output:~~enter m:enter n:enter 4 elements:output:~~ 1  2  ~~ 3  4  ~~~~~~Your output:~~[Code goes into an Infinite Loop]~~~~FAILED: Test Case 2: ~~IN:~~Enter M: 3~~Enter N: 2~~Enter 6 elements: 1 2 3 4 5 6~~~~Exp OUT:~~1 2~~3 4~~5 6~~~~ ~~  Mark/s obtained: 5 out of 10~~~~~~Your output:~~enter m:enter n:enter 6 elements:output:~~ 1  2  3  ~~ 4  5  6  ~~~~~~Your output:~~[Code goes into an Infinite Loop]~~~~FAILED: Test Case 4: ~~IN:~~Enter M: 3~~Enter N: 3~~Enter 9 elements: 9 8 7 6 5 4 3 2 1~~~~Exp OUT:~~9 8 7~~6 5 4~~3 2 1~~~~ ~~  Mark/s obtained: 5 out of 10~~~~~~========= CODE CASES =========~~~~~~PASSED: Code Case 1:~~Taken Row and Column as Input~~  Mark/s obtained: 10 out of 10~~~~~~PASSED: Code Case 2:~~Initialized Matrix~~  Mark/s obtained: 10 out of 10~~~~~~FAILED: Code Case 3:~~Used malloc to Initialize~~  Mark/s obtained: 5 out of 10~~~~~~PASSED: Code Case 4:~~printed the output Matrix in order~~  Mark/s obtained: 10 out of 10~~~~~~FAILED: Code Case 5:~~Tried to use recursion~~  Mark/s obtained: 5 out of 10~~~~~~FAILED: Code Case 6:~~Printed the matrix while taking an input~~  Mark/s obtained: 5 out of 10~~~~~~==============================~~~~########### TOTAL MARKS OBTAINED = 75 ############
22ME30004;0;0;0;0;0;0;0;0;0;0;0;LT2 file was not submitted properly ~~Mark/s lost: 100 out of 100~~~~~~==============================~~~~############ TOTAL MARKS OBTAINED = 0 ############
22MA10059;0;0;0;0;0;0;0;0;0;0;0;LT2 file was not submitted properly ~~Mark/s lost: 100 out of 100~~~~~~==============================~~~~############ TOTAL MARKS OBTAINED = 0 ############
22CE10065;0;0;0;0;0;0;0;0;0;0;0;LT2 file was not submitted properly ~~Mark/s lost: 100 out of 100~~~~~~==============================~~~~############ TOTAL MARKS OBTAINED = 0 ############
22EX10034;0;0;0;0;10;10;10;5;5;5;45;========= TEST CASES =========~~~~~~FAILED: Code didn't compile successfully~~  Mark/s obtained: 0 out of 40~~~~~~========= CODE CASES =========~~~~~~PASSED: Code Case 1:~~Taken Row and Column as Input~~  Mark/s obtained: 10 out of 10~~~~~~PASSED: Code Case 2:~~Initialized Matrix~~  Mark/s obtained: 10 out of 10~~~~~~PASSED: Code Case 3:~~Used malloc to Initialize~~  Mark/s obtained: 10 out of 10~~~~~~FAILED: Code Case 4:~~printed the output Matrix in order~~  Mark/s obtained: 5 out of 10~~~~~~FAILED: Code Case 5:~~Tried to use recursion~~  Mark/s obtained: 5 out of 10~~~~~~FAILED: Code Case 6:~~Printed the matrix while taking an input~~  Mark/s obtained: 5 out of 10~~~~~~==============================~~~~########### TOTAL MARKS OBTAINED = 45 ############
22EC10059;0;0;0;0;0;0;0;0;0;0;0;LT2 file was not submitted properly ~~Mark/s lost: 100 out of 100~~~~~~==============================~~~~############ TOTAL MARKS OBTAINED = 0 ############
22HS10030;10;10;10;10;10;10;5;10;5;5;85;========= TEST CASES =========~~~~~~Your output:~~enter no. of rows~~enter no. of columns~~enter array elements~~~~1 2 ~~3 4 ~~~~Your output:~~enter no. of rows~~enter no. of columns~~enter array elements~~~~1 2 ~~3 4 ~~5 6 ~~~~Your output:~~enter no. of rows~~enter no. of columns~~enter array elements~~~~1 2 3 ~~4 5 6 ~~~~Your output:~~enter no. of rows~~enter no. of columns~~enter array elements~~~~9 8 7 ~~6 5 4 ~~3 2 1 ~~~~========= CODE CASES =========~~~~~~PASSED: Code Case 1:~~Taken Row and Column as Input~~  Mark/s obtained: 10 out of 10~~~~~~PASSED: Code Case 2:~~Initialized Matrix~~  Mark/s obtained: 10 out of 10~~~~~~FAILED: Code Case 3:~~Used malloc to Initialize~~  Mark/s obtained: 5 out of 10~~~~~~PASSED: Code Case 4:~~printed the output Matrix in order~~  Mark/s obtained: 10 out of 10~~~~~~FAILED: Code Case 5:~~Tried to use recursion~~  Mark/s obtained: 5 out of 10~~~~~~FAILED: Code Case 6:~~Printed the matrix while taking an input~~  Mark/s obtained: 5 out of 10~~~~~~==============================~~~~########### TOTAL MARKS OBTAINED = 85 ############
22CH30005;0;0;0;0;10;10;10;10;5;5;50;========= TEST CASES =========~~~~~~FAILED: Code didn't compile successfully~~  Mark/s obtained: 0 out of 40~~~~~~========= CODE CASES =========~~~~~~PASSED: Code Case 1:~~Taken Row and Column as Input~~  Mark/s obtained: 10 out of 10~~~~~~PASSED: Code Case 2:~~Initialized Matrix~~  Mark/s obtained: 10 out of 10~~~~~~PASSED: Code Case 3:~~Used malloc to Initialize~~  Mark/s obtained: 10 out of 10~~~~~~PASSED: Code Case 4:~~printed the output Matrix in order~~  Mark/s obtained: 10 out of 10~~~~~~FAILED: Code Case 5:~~Tried to use recursion~~  Mark/s obtained: 5 out of 10~~~~~~FAILED: Code Case 6:~~Printed the matrix while taking an input~~  Mark/s obtained: 5 out of 10~~~~~~==============================~~~~########### TOTAL MARKS OBTAINED = 50 ############
22MI31006;0;0;0;0;10;10;10;10;5;5;50;========= TEST CASES =========~~~~~~FAILED: Code didn't compile successfully~~  Mark/s obtained: 0 out of 40~~~~~~========= CODE CASES =========~~~~~~PASSED: Code Case 1:~~Taken Row and Column as Input~~  Mark/s obtained: 10 out of 10~~~~~~PASSED: Code Case 2:~~Initialized Matrix~~  Mark/s obtained: 10 out of 10~~~~~~PASSED: Code Case 3:~~Used malloc to Initialize~~  Mark/s obtained: 10 out of 10~~~~~~PASSED: Code Case 4:~~printed the output Matrix in order~~  Mark/s obtained: 10 out of 10~~~~~~FAILED: Code Case 5:~~Tried to use recursion~~  Mark/s obtained: 5 out of 10~~~~~~FAILED: Code Case 6:~~Printed the matrix while taking an input~~  Mark/s obtained: 5 out of 10~~~~~~==============================~~~~########### TOTAL MARKS OBTAINED = 50 ############
22MI31025;0;0;0;0;0;0;0;0;0;0;0;LT2 file was not submitted properly ~~Mark/s lost: 100 out of 100~~~~~~==============================~~~~############ TOTAL MARKS OBTAINED = 0 ############
22EC10079;0;0;0;0;0;0;0;0;0;0;0;LT2 file was not submitted properly ~~Mark/s lost: 100 out of 100~~~~~~==============================~~~~############ TOTAL MARKS OBTAINED = 0 ############
22EE10028;10;10;10;10;10;10;5;10;5;5;85;========= TEST CASES =========~~~~~~Your output:~~Enter M :Enter N:1 2 ~~3 4 ~~~~~~Your output:~~Enter M :Enter N:1 2 ~~3 4 ~~5 6 ~~~~~~Your output:~~Enter M :Enter N:1 2 3 ~~4 5 6 ~~~~~~Your output:~~Enter M :Enter N:9 8 7 ~~6 5 4 ~~3 2 1 ~~~~~~========= CODE CASES =========~~~~~~PASSED: Code Case 1:~~Taken Row and Column as Input~~  Mark/s obtained: 10 out of 10~~~~~~PASSED: Code Case 2:~~Initialized Matrix~~  Mark/s obtained: 10 out of 10~~~~~~FAILED: Code Case 3:~~Used malloc to Initialize~~  Mark/s obtained: 5 out of 10~~~~~~PASSED: Code Case 4:~~printed the output Matrix in order~~  Mark/s obtained: 10 out of 10~~~~~~FAILED: Code Case 5:~~Tried to use recursion~~  Mark/s obtained: 5 out of 10~~~~~~FAILED: Code Case 6:~~Printed the matrix while taking an input~~  Mark/s obtained: 5 out of 10~~~~~~==============================~~~~########### TOTAL MARKS OBTAINED = 85 ############
22CE30016;5;5;5;5;10;10;10;5;10;5;70;========= TEST CASES =========~~~~~~Your output:~~Enter the no. of rows as M : Enter the no. of columns as N : Enter 4 elements -> 4 3 ~~2 1 ~~~~~~FAILED: Test Case 1: ~~IN:~~Enter M:2~~Enter N:2~~Enter 4 elements: 1 2 3 4~~~~Exp OUT:~~1 2~~3 4~~~~ ~~  Mark/s obtained: 5 out of 10~~~~~~Your output:~~[Code goes into an Infinite Loop]~~~~FAILED: Test Case 2: ~~IN:~~Enter M: 3~~Enter N: 2~~Enter 6 elements: 1 2 3 4 5 6~~~~Exp OUT:~~1 2~~3 4~~5 6~~~~ ~~  Mark/s obtained: 5 out of 10~~~~~~Your output:~~Enter the no. of rows as M : Enter the no. of columns as N : Enter 6 elements -> 6 5 4 ~~3 2 1 ~~~~~~FAILED: Test Case 3: ~~IN:~~Enter M: 2~~Enter N: 3~~Enter 6 elements: 1 2 3 4 5 6~~~~Exp OUT:~~1 2 3~~4 5 6~~~~ ~~  Mark/s obtained: 5 out of 10~~~~~~Your output:~~Enter the no. of rows as M : Enter the no. of columns as N : Enter 9 elements -> 1 2 3 ~~4 5 6 ~~7 8 9 ~~~~~~FAILED: Test Case 4: ~~IN:~~Enter M: 3~~Enter N: 3~~Enter 9 elements: 9 8 7 6 5 4 3 2 1~~~~Exp OUT:~~9 8 7~~6 5 4~~3 2 1~~~~ ~~  Mark/s obtained: 5 out of 10~~~~~~========= CODE CASES =========~~~~~~PASSED: Code Case 1:~~Taken Row and Column as Input~~  Mark/s obtained: 10 out of 10~~~~~~PASSED: Code Case 2:~~Initialized Matrix~~  Mark/s obtained: 10 out of 10~~~~~~PASSED: Code Case 3:~~Used malloc to Initialize~~  Mark/s obtained: 10 out of 10~~~~~~FAILED: Code Case 4:~~printed the output Matrix in order~~  Mark/s obtained: 5 out of 10~~~~~~PASSED: Code Case 5:~~Tried to use recursion~~  Mark/s obtained: 10 out of 10~~~~~~FAILED: Code Case 6:~~Printed the matrix while taking an input~~  Mark/s obtained: 5 out of 10~~~~~~==============================~~~~########### TOTAL MARKS OBTAINED = 70 ############
22NA30030;5;5;5;5;10;10;5;5;5;5;60;========= TEST CASES =========~~~~~~Your output:~~Enter M : Enter N : Enter 4 elements : ~~1 2 ~~0 0 ~~~~FAILED: Test Case 1: ~~IN:~~Enter M:2~~Enter N:2~~Enter 4 elements: 1 2 3 4~~~~Exp OUT:~~1 2~~3 4~~~~ ~~  Mark/s obtained: 5 out of 10~~~~~~Your output:~~Enter M : Enter N : Enter 6 elements : ~~1 2 ~~0 0 ~~708509696 32762 ~~~~FAILED: Test Case 2: ~~IN:~~Enter M: 3~~Enter N: 2~~Enter 6 elements: 1 2 3 4 5 6~~~~Exp OUT:~~1 2~~3 4~~5 6~~~~ ~~  Mark/s obtained: 5 out of 10~~~~~~Your output:~~Enter M : Enter N : Enter 6 elements : ~~1 2 3 ~~0 708509696 32762 ~~~~FAILED: Test Case 3: ~~IN:~~Enter M: 2~~Enter N: 3~~Enter 6 elements: 1 2 3 4 5 6~~~~Exp OUT:~~1 2 3~~4 5 6~~~~ ~~  Mark/s obtained: 5 out of 10~~~~~~Your output:~~Enter M : Enter N : Enter 9 elements : ~~9 8 7 ~~0 708509696 32762 ~~6421200 0 6816080 ~~~~FAILED: Test Case 4: ~~IN:~~Enter M: 3~~Enter N: 3~~Enter 9 elements: 9 8 7 6 5 4 3 2 1~~~~Exp OUT:~~9 8 7~~6 5 4~~3 2 1~~~~ ~~  Mark/s obtained: 5 out of 10~~~~~~========= CODE CASES =========~~~~~~PASSED: Code Case 1:~~Taken Row and Column as Input~~  Mark/s obtained: 10 out of 10~~~~~~PASSED: Code Case 2:~~Initialized Matrix~~  Mark/s obtained: 10 out of 10~~~~~~FAILED: Code Case 3:~~Used malloc to Initialize~~  Mark/s obtained: 5 out of 10~~~~~~FAILED: Code Case 4:~~printed the output Matrix in order~~  Mark/s obtained: 5 out of 10~~~~~~FAILED: Code Case 5:~~Tried to use recursion~~  Mark/s obtained: 5 out of 10~~~~~~FAILED: Code Case 6:~~Printed the matrix while taking an input~~  Mark/s obtained: 5 out of 10~~~~~~==============================~~~~########### TOTAL MARKS OBTAINED = 60 ############
22ME10064;0;0;0;0;0;0;0;0;0;0;0;LT2 file was not submitted properly ~~Mark/s lost: 100 out of 100~~~~~~==============================~~~~############ TOTAL MARKS OBTAINED = 0 ############
22IM10001;5;5;5;5;10;10;5;5;5;5;60;========= TEST CASES =========~~~~~~Your output:~~Enter the value of m :- Enter the value of n :- Enter the values :- ~~~~FAILED: Test Case 1: ~~IN:~~Enter M:2~~Enter N:2~~Enter 4 elements: 1 2 3 4~~~~Exp OUT:~~1 2~~3 4~~~~ ~~  Mark/s obtained: 5 out of 10~~~~~~Your output:~~Enter the value of m :- Enter the value of n :- Enter the values :- ~~~~FAILED: Test Case 2: ~~IN:~~Enter M: 3~~Enter N: 2~~Enter 6 elements: 1 2 3 4 5 6~~~~Exp OUT:~~1 2~~3 4~~5 6~~~~ ~~  Mark/s obtained: 5 out of 10~~~~~~Your output:~~Enter the value of m :- Enter the value of n :- Enter the values :- ~~~~FAILED: Test Case 3: ~~IN:~~Enter M: 2~~Enter N: 3~~Enter 6 elements: 1 2 3 4 5 6~~~~Exp OUT:~~1 2 3~~4 5 6~~~~ ~~  Mark/s obtained: 5 out of 10~~~~~~Your output:~~Enter the value of m :- Enter the value of n :- Enter the values :- ~~~~FAILED: Test Case 4: ~~IN:~~Enter M: 3~~Enter N: 3~~Enter 9 elements: 9 8 7 6 5 4 3 2 1~~~~Exp OUT:~~9 8 7~~6 5 4~~3 2 1~~~~ ~~  Mark/s obtained: 5 out of 10~~~~~~========= CODE CASES =========~~~~~~PASSED: Code Case 1:~~Taken Row and Column as Input~~  Mark/s obtained: 10 out of 10~~~~~~PASSED: Code Case 2:~~Initialized Matrix~~  Mark/s obtained: 10 out of 10~~~~~~FAILED: Code Case 3:~~Used malloc to Initialize~~  Mark/s obtained: 5 out of 10~~~~~~FAILED: Code Case 4:~~printed the output Matrix in order~~  Mark/s obtained: 5 out of 10~~~~~~FAILED: Code Case 5:~~Tried to use recursion~~  Mark/s obtained: 5 out of 10~~~~~~FAILED: Code Case 6:~~Printed the matrix while taking an input~~  Mark/s obtained: 5 out of 10~~~~~~==============================~~~~########### TOTAL MARKS OBTAINED = 60 ############
22CH30025;0;0;0;0;0;0;0;0;0;0;0;LT2 file was not submitted properly ~~Mark/s lost: 100 out of 100~~~~~~==============================~~~~############ TOTAL MARKS OBTAINED = 0 ############
22AG10001;0;0;0;0;0;0;0;0;0;0;0;LT2 file was not submitted properly ~~Mark/s lost: 100 out of 100~~~~~~==============================~~~~############ TOTAL MARKS OBTAINED = 0 ############
22MI10051;0;0;0;0;0;0;0;0;0;0;0;LT2 file was not submitted properly ~~Mark/s lost: 100 out of 100~~~~~~==============================~~~~############ TOTAL MARKS OBTAINED = 0 ############
22GG10024;10;10;10;10;10;10;5;10;5;5;85;========= TEST CASES =========~~~~~~Your output:~~Enter the number of rows - m = Enter the number of columns - n = enter 4 elements :1 2 ~~3 4 ~~~~~~Your output:~~Enter the number of rows - m = Enter the number of columns - n = enter 6 elements :1 2 ~~3 4 ~~5 6 ~~~~~~Your output:~~Enter the number of rows - m = Enter the number of columns - n = enter 6 elements :1 2 3 ~~4 5 6 ~~~~~~Your output:~~Enter the number of rows - m = Enter the number of columns - n = enter 9 elements :9 8 7 ~~6 5 4 ~~3 2 1 ~~~~~~========= CODE CASES =========~~~~~~PASSED: Code Case 1:~~Taken Row and Column as Input~~  Mark/s obtained: 10 out of 10~~~~~~PASSED: Code Case 2:~~Initialized Matrix~~  Mark/s obtained: 10 out of 10~~~~~~FAILED: Code Case 3:~~Used malloc to Initialize~~  Mark/s obtained: 5 out of 10~~~~~~PASSED: Code Case 4:~~printed the output Matrix in order~~  Mark/s obtained: 10 out of 10~~~~~~FAILED: Code Case 5:~~Tried to use recursion~~  Mark/s obtained: 5 out of 10~~~~~~FAILED: Code Case 6:~~Printed the matrix while taking an input~~  Mark/s obtained: 5 out of 10~~~~~~==============================~~~~########### TOTAL MARKS OBTAINED = 85 ############
22ME10007;10;10;10;10;10;10;5;10;5;5;85;========= TEST CASES =========~~~~~~Your output:~~enetr 'm' enetr 'n' enetr 4 elements:~~~~1 2 ~~3 4 ~~~~Your output:~~enetr 'm' enetr 'n' enetr 6 elements:~~~~1 2 ~~3 4 ~~5 6 ~~~~Your output:~~enetr 'm' enetr 'n' enetr 6 elements:~~~~1 2 3 ~~4 5 6 ~~~~Your output:~~enetr 'm' enetr 'n' enetr 9 elements:~~~~9 8 7 ~~6 5 4 ~~3 2 1 ~~~~========= CODE CASES =========~~~~~~PASSED: Code Case 1:~~Taken Row and Column as Input~~  Mark/s obtained: 10 out of 10~~~~~~PASSED: Code Case 2:~~Initialized Matrix~~  Mark/s obtained: 10 out of 10~~~~~~FAILED: Code Case 3:~~Used malloc to Initialize~~  Mark/s obtained: 5 out of 10~~~~~~PASSED: Code Case 4:~~printed the output Matrix in order~~  Mark/s obtained: 10 out of 10~~~~~~FAILED: Code Case 5:~~Tried to use recursion~~  Mark/s obtained: 5 out of 10~~~~~~FAILED: Code Case 6:~~Printed the matrix while taking an input~~  Mark/s obtained: 5 out of 10~~~~~~==============================~~~~########### TOTAL MARKS OBTAINED = 85 ############
22MT10061;0;0;0;0;0;0;0;0;0;0;0;LT2 file was not submitted properly ~~Mark/s lost: 100 out of 100~~~~~~==============================~~~~############ TOTAL MARKS OBTAINED = 0 ############
22NA10022;10;10;10;10;10;10;10;10;10;10;100;Good~~~~========= TEST CASES =========~~~~~~Your output:~~Enter M:Enter N:Enter 4 elements : 1 2~~ 3 4~~~~~~Your output:~~Enter M:Enter N:Enter 6 elements : 1 2~~ 3 4~~ 5 6~~~~~~Your output:~~Enter M:Enter N:Enter 6 elements : 1 2 3~~ 4 5 6~~~~~~Your output:~~Enter M:Enter N:Enter 9 elements : 9 8 7~~ 6 5 4~~ 3 2 1~~~~~~========= CODE CASES =========~~~~~~PASSED: Code Case 1:~~Taken Row and Column as Input~~  Mark/s obtained: 10 out of 10~~~~~~PASSED: Code Case 2:~~Initialized Matrix~~  Mark/s obtained: 10 out of 10~~~~~~PASSED: Code Case 3:~~Used malloc to Initialize~~  Mark/s obtained: 10 out of 10~~~~~~PASSED: Code Case 4:~~printed the output Matrix in order~~  Mark/s obtained: 10 out of 10~~~~~~PASSED: Code Case 5:~~Tried to use recursion~~  Mark/s obtained: 10 out of 10~~~~~~PASSED: Code Case 6:~~Printed the matrix while taking an input~~  Mark/s obtained: 10 out of 10~~~~~~==============================~~~~########### TOTAL MARKS OBTAINED = 100 ###########
22ME30042;0;0;0;0;0;0;0;0;0;0;0;LT2 file was not submitted properly ~~Mark/s lost: 100 out of 100~~~~~~==============================~~~~############ TOTAL MARKS OBTAINED = 0 ############
22NA30011;10;10;10;10;10;10;10;10;10;10;100;Clean Code~~~~========= TEST CASES =========~~~~~~Your output:~~Enter R: ~~Enter C: ~~Enter 4 elements: ~~  1  2~~  3  4~~~~~~Your output:~~Enter R: ~~Enter C: ~~Enter 6 elements: ~~  1  2~~  3  4~~  5  6~~~~~~Your output:~~Enter R: ~~Enter C: ~~Enter 6 elements: ~~  1  2  3~~  4  5  6~~~~~~Your output:~~Enter R: ~~Enter C: ~~Enter 9 elements: ~~  9  8  7~~  6  5  4~~  3  2  1~~~~~~========= CODE CASES =========~~~~~~PASSED: Code Case 1:~~Taken Row and Column as Input~~  Mark/s obtained: 10 out of 10~~~~~~PASSED: Code Case 2:~~Initialized Matrix~~  Mark/s obtained: 10 out of 10~~~~~~PASSED: Code Case 3:~~Used malloc to Initialize~~  Mark/s obtained: 10 out of 10~~~~~~PASSED: Code Case 4:~~printed the output Matrix in order~~  Mark/s obtained: 10 out of 10~~~~~~PASSED: Code Case 5:~~Tried to use recursion~~  Mark/s obtained: 10 out of 10~~~~~~PASSED: Code Case 6:~~Printed the matrix while taking an input~~  Mark/s obtained: 10 out of 10~~~~~~==============================~~~~########### TOTAL MARKS OBTAINED = 100 ###########
22MF10045;0;0;0;0;0;0;0;0;0;0;0;LT2 file was not submitted properly ~~Mark/s lost: 100 out of 100~~~~~~==============================~~~~############ TOTAL MARKS OBTAINED = 0 ############
22EC30047;0;0;0;0;0;0;0;0;0;0;0;LT2 file was not submitted properly ~~Mark/s lost: 100 out of 100~~~~~~==============================~~~~############ TOTAL MARKS OBTAINED = 0 ############
22EC30007;10;10;10;10;10;10;10;10;10;5;95;========= TEST CASES =========~~~~~~Your output:~~Enter number of rows: Enter number of columns: 1 2 ~~3 4 ~~~~~~Your output:~~Enter number of rows: Enter number of columns: 1 2 ~~3 4 ~~5 6 ~~~~~~Your output:~~Enter number of rows: Enter number of columns: 1 2 3 ~~4 5 6 ~~~~~~Your output:~~Enter number of rows: Enter number of columns: 9 8 7 ~~6 5 4 ~~3 2 1 ~~~~~~========= CODE CASES =========~~~~~~PASSED: Code Case 1:~~Taken Row and Column as Input~~  Mark/s obtained: 10 out of 10~~~~~~PASSED: Code Case 2:~~Initialized Matrix~~  Mark/s obtained: 10 out of 10~~~~~~PASSED: Code Case 3:~~Used malloc to Initialize~~  Mark/s obtained: 10 out of 10~~~~~~PASSED: Code Case 4:~~printed the output Matrix in order~~  Mark/s obtained: 10 out of 10~~~~~~PASSED: Code Case 5:~~Tried to use recursion~~  Mark/s obtained: 10 out of 10~~~~~~FAILED: Code Case 6:~~Printed the matrix while taking an input~~  Mark/s obtained: 5 out of 10~~~~~~==============================~~~~########### TOTAL MARKS OBTAINED = 95 ############
22MF10007;0;0;0;0;0;0;0;0;0;0;0;LT2 file was not submitted properly ~~Mark/s lost: 100 out of 100~~~~~~==============================~~~~############ TOTAL MARKS OBTAINED = 0 ############
22NA10003;0;0;0;0;0;0;0;0;0;0;0;LT2 file was not submitted properly ~~Mark/s lost: 100 out of 100~~~~~~==============================~~~~############ TOTAL MARKS OBTAINED = 0 ############
22MT10023;0;0;0;0;0;0;0;0;0;0;0;LT2 file was not submitted properly ~~Mark/s lost: 100 out of 100~~~~~~==============================~~~~############ TOTAL MARKS OBTAINED = 0 ############
22ME10045;0;0;0;0;0;0;0;0;0;0;0;LT2 file was not submitted properly ~~Mark/s lost: 100 out of 100~~~~~~==============================~~~~############ TOTAL MARKS OBTAINED = 0 ############
22AE10034;10;10;10;10;10;10;10;10;10;5;95;========= TEST CASES =========~~~~~~Your output:~~enter M:enter N:Enter 4 elements : 1 2 ~~3 4 ~~~~Your output:~~enter M:enter N:Enter 6 elements : 1 2 ~~3 4 ~~5 6 ~~~~Your output:~~enter M:enter N:Enter 6 elements : 1 2 3 ~~4 5 6 ~~~~Your output:~~enter M:enter N:Enter 9 elements : 9 8 7 ~~6 5 4 ~~3 2 1 ~~~~========= CODE CASES =========~~~~~~PASSED: Code Case 1:~~Taken Row and Column as Input~~  Mark/s obtained: 10 out of 10~~~~~~PASSED: Code Case 2:~~Initialized Matrix~~  Mark/s obtained: 10 out of 10~~~~~~PASSED: Code Case 3:~~Used malloc to Initialize~~  Mark/s obtained: 10 out of 10~~~~~~PASSED: Code Case 4:~~printed the output Matrix in order~~  Mark/s obtained: 10 out of 10~~~~~~PASSED: Code Case 5:~~Tried to use recursion~~  Mark/s obtained: 10 out of 10~~~~~~FAILED: Code Case 6:~~Printed the matrix while taking an input~~  Mark/s obtained: 5 out of 10~~~~~~==============================~~~~########### TOTAL MARKS OBTAINED = 95 ############
22CE10085;0;0;0;0;0;0;0;0;0;0;0;LT2 file was not submitted properly ~~Mark/s lost: 100 out of 100~~~~~~==============================~~~~############ TOTAL MARKS OBTAINED = 0 ############
22GG10004;0;0;0;0;0;0;0;0;0;0;0;LT2 file was not submitted properly ~~Mark/s lost: 100 out of 100~~~~~~==============================~~~~############ TOTAL MARKS OBTAINED = 0 ############
22CS30028;5;5;5;5;10;10;10;10;10;10;80;========= TEST CASES =========~~~~~~Your output:~~Enter m :Enter n :Enter 4 elements : 6421024 0 ~~~~11864968 ~~~~~~FAILED: Test Case 1: ~~IN:~~Enter M:2~~Enter N:2~~Enter 4 elements: 1 2 3 4~~~~Exp OUT:~~1 2~~3 4~~~~ ~~  Mark/s obtained: 5 out of 10~~~~~~Your output:~~Enter m :Enter n :Enter 6 elements : 4214798 0 ~~~~6421024 ~~~~6421880 6421880 ~~~~6421024 ~~~~~~FAILED: Test Case 2: ~~IN:~~Enter M: 3~~Enter N: 2~~Enter 6 elements: 1 2 3 4 5 6~~~~Exp OUT:~~1 2~~3 4~~5 6~~~~ ~~  Mark/s obtained: 5 out of 10~~~~~~Your output:~~Enter m :Enter n :Enter 6 elements : 4214798 0 ~~~~0 ~~~~~~FAILED: Test Case 3: ~~IN:~~Enter M: 2~~Enter N: 3~~Enter 6 elements: 1 2 3 4 5 6~~~~Exp OUT:~~1 2 3~~4 5 6~~~~ ~~  Mark/s obtained: 5 out of 10~~~~~~Your output:~~Enter m :Enter n :Enter 9 elements : -1 0 6421880 ~~~~6421880 ~~~~0 4200312 ~~~~6421880 ~~~~~~FAILED: Test Case 4: ~~IN:~~Enter M: 3~~Enter N: 3~~Enter 9 elements: 9 8 7 6 5 4 3 2 1~~~~Exp OUT:~~9 8 7~~6 5 4~~3 2 1~~~~ ~~  Mark/s obtained: 5 out of 10~~~~~~========= CODE CASES =========~~~~~~PASSED: Code Case 1:~~Taken Row and Column as Input~~  Mark/s obtained: 10 out of 10~~~~~~PASSED: Code Case 2:~~Initialized Matrix~~  Mark/s obtained: 10 out of 10~~~~~~PASSED: Code Case 3:~~Used malloc to Initialize~~  Mark/s obtained: 10 out of 10~~~~~~PASSED: Code Case 4:~~printed the output Matrix in order~~  Mark/s obtained: 10 out of 10~~~~~~PASSED: Code Case 5:~~Tried to use recursion~~  Mark/s obtained: 10 out of 10~~~~~~PASSED: Code Case 6:~~Printed the matrix while taking an input~~  Mark/s obtained: 10 out of 10~~~~~~==============================~~~~########### TOTAL MARKS OBTAINED = 80 ############
22CE10045;0;0;0;0;0;0;0;0;0;0;0;LT2 file was not submitted properly ~~Mark/s lost: 100 out of 100~~~~~~==============================~~~~############ TOTAL MARKS OBTAINED = 0 ############
22IE10027;0;0;0;0;0;0;0;0;0;0;0;LT2 file was not submitted properly ~~Mark/s lost: 100 out of 100~~~~~~==============================~~~~############ TOTAL MARKS OBTAINED = 0 ############
22PH10032;0;0;0;0;10;10;10;10;10;5;55;========= TEST CASES =========~~~~~~FAILED: Code didn't compile successfully~~  Mark/s obtained: 0 out of 40~~~~~~========= CODE CASES =========~~~~~~PASSED: Code Case 1:~~Taken Row and Column as Input~~  Mark/s obtained: 10 out of 10~~~~~~PASSED: Code Case 2:~~Initialized Matrix~~  Mark/s obtained: 10 out of 10~~~~~~PASSED: Code Case 3:~~Used malloc to Initialize~~  Mark/s obtained: 10 out of 10~~~~~~PASSED: Code Case 4:~~printed the output Matrix in order~~  Mark/s obtained: 10 out of 10~~~~~~PASSED: Code Case 5:~~Tried to use recursion~~  Mark/s obtained: 10 out of 10~~~~~~FAILED: Code Case 6:~~Printed the matrix while taking an input~~  Mark/s obtained: 5 out of 10~~~~~~==============================~~~~########### TOTAL MARKS OBTAINED = 55 ############
22PH10013;0;0;0;0;0;0;0;0;0;0;0;LT2 file was not submitted properly ~~Mark/s lost: 100 out of 100~~~~~~==============================~~~~############ TOTAL MARKS OBTAINED = 0 ############
22AE30007;0;0;0;0;0;0;0;0;0;0;0;LT2 file was not submitted properly ~~Mark/s lost: 100 out of 100~~~~~~==============================~~~~############ TOTAL MARKS OBTAINED = 0 ############
22IM10020;10;10;10;10;10;10;10;10;10;5;95;========= TEST CASES =========~~~~~~Your output:~~Enter M: Enter N: ~~Enter 4 elements: Matrix: ~~1 2 ~~3 4 ~~~~~~Your output:~~Enter M: Enter N: ~~Enter 6 elements: Matrix: ~~1 2 ~~3 4 ~~5 6 ~~~~~~Your output:~~Enter M: Enter N: ~~Enter 6 elements: Matrix: ~~1 2 3 ~~4 5 6 ~~~~~~Your output:~~Enter M: Enter N: ~~Enter 9 elements: Matrix: ~~9 8 7 ~~6 5 4 ~~3 2 1 ~~~~~~========= CODE CASES =========~~~~~~PASSED: Code Case 1:~~Taken Row and Column as Input~~  Mark/s obtained: 10 out of 10~~~~~~PASSED: Code Case 2:~~Initialized Matrix~~  Mark/s obtained: 10 out of 10~~~~~~PASSED: Code Case 3:~~Used malloc to Initialize~~  Mark/s obtained: 10 out of 10~~~~~~PASSED: Code Case 4:~~printed the output Matrix in order~~  Mark/s obtained: 10 out of 10~~~~~~PASSED: Code Case 5:~~Tried to use recursion~~  Mark/s obtained: 10 out of 10~~~~~~FAILED: Code Case 6:~~Printed the matrix while taking an input~~  Mark/s obtained: 5 out of 10~~~~~~==============================~~~~########### TOTAL MARKS OBTAINED = 95 ############
22EX10014;5;5;5;5;10;10;10;5;5;5;65;========= TEST CASES =========~~~~~~Your output:~~please enter the no of rowsplease enter the no of columns~~~~FAILED: Test Case 1: ~~IN:~~Enter M:2~~Enter N:2~~Enter 4 elements: 1 2 3 4~~~~Exp OUT:~~1 2~~3 4~~~~ ~~  Mark/s obtained: 5 out of 10~~~~~~Your output:~~[Code goes into an Infinite Loop]~~~~FAILED: Test Case 2: ~~IN:~~Enter M: 3~~Enter N: 2~~Enter 6 elements: 1 2 3 4 5 6~~~~Exp OUT:~~1 2~~3 4~~5 6~~~~ ~~  Mark/s obtained: 5 out of 10~~~~~~Your output:~~please enter the no of rowsplease enter the no of columns~~~~FAILED: Test Case 3: ~~IN:~~Enter M: 2~~Enter N: 3~~Enter 6 elements: 1 2 3 4 5 6~~~~Exp OUT:~~1 2 3~~4 5 6~~~~ ~~  Mark/s obtained: 5 out of 10~~~~~~Your output:~~please enter the no of rowsplease enter the no of columns~~~~FAILED: Test Case 4: ~~IN:~~Enter M: 3~~Enter N: 3~~Enter 9 elements: 9 8 7 6 5 4 3 2 1~~~~Exp OUT:~~9 8 7~~6 5 4~~3 2 1~~~~ ~~  Mark/s obtained: 5 out of 10~~~~~~========= CODE CASES =========~~~~~~PASSED: Code Case 1:~~Taken Row and Column as Input~~  Mark/s obtained: 10 out of 10~~~~~~PASSED: Code Case 2:~~Initialized Matrix~~  Mark/s obtained: 10 out of 10~~~~~~PASSED: Code Case 3:~~Used malloc to Initialize~~  Mark/s obtained: 10 out of 10~~~~~~FAILED: Code Case 4:~~printed the output Matrix in order~~  Mark/s obtained: 5 out of 10~~~~~~FAILED: Code Case 5:~~Tried to use recursion~~  Mark/s obtained: 5 out of 10~~~~~~FAILED: Code Case 6:~~Printed the matrix while taking an input~~  Mark/s obtained: 5 out of 10~~~~~~==============================~~~~########### TOTAL MARKS OBTAINED = 65 ############
22MF3IM17;10;10;10;10;10;10;5;10;5;5;85;========= TEST CASES =========~~~~~~Your output:~~how many rows in array: how many columns in array: 12~~34~~~~~~Your output:~~how many rows in array: how many columns in array: 12~~34~~56~~~~~~Your output:~~how many rows in array: how many columns in array: 123~~456~~~~~~Your output:~~how many rows in array: how many columns in array: 987~~654~~321~~~~~~========= CODE CASES =========~~~~~~PASSED: Code Case 1:~~Taken Row and Column as Input~~  Mark/s obtained: 10 out of 10~~~~~~PASSED: Code Case 2:~~Initialized Matrix~~  Mark/s obtained: 10 out of 10~~~~~~FAILED: Code Case 3:~~Used malloc to Initialize~~  Mark/s obtained: 5 out of 10~~~~~~PASSED: Code Case 4:~~printed the output Matrix in order~~  Mark/s obtained: 10 out of 10~~~~~~FAILED: Code Case 5:~~Tried to use recursion~~  Mark/s obtained: 5 out of 10~~~~~~FAILED: Code Case 6:~~Printed the matrix while taking an input~~  Mark/s obtained: 5 out of 10~~~~~~==============================~~~~########### TOTAL MARKS OBTAINED = 85 ############
22EE10048;0;0;0;0;0;0;0;0;0;0;0;LT2 file was not submitted properly ~~Mark/s lost: 100 out of 100~~~~~~==============================~~~~############ TOTAL MARKS OBTAINED = 0 ############
22NA10041;0;0;0;0;10;10;5;10;5;5;45;========= TEST CASES =========~~~~~~FAILED: Code didn't compile successfully~~  Mark/s obtained: 0 out of 40~~~~~~========= CODE CASES =========~~~~~~PASSED: Code Case 1:~~Taken Row and Column as Input~~  Mark/s obtained: 10 out of 10~~~~~~PASSED: Code Case 2:~~Initialized Matrix~~  Mark/s obtained: 10 out of 10~~~~~~FAILED: Code Case 3:~~Used malloc to Initialize~~  Mark/s obtained: 5 out of 10~~~~~~PASSED: Code Case 4:~~printed the output Matrix in order~~  Mark/s obtained: 10 out of 10~~~~~~FAILED: Code Case 5:~~Tried to use recursion~~  Mark/s obtained: 5 out of 10~~~~~~FAILED: Code Case 6:~~Printed the matrix while taking an input~~  Mark/s obtained: 5 out of 10~~~~~~==============================~~~~########### TOTAL MARKS OBTAINED = 45 ############
22BT30022;5;5;5;5;10;10;10;5;5;5;65;========= TEST CASES =========~~~~~~Your output:~~[Code goes into an Infinite Loop]~~~~FAILED: Test Case 1: ~~IN:~~Enter M:2~~Enter N:2~~Enter 4 elements: 1 2 3 4~~~~Exp OUT:~~1 2~~3 4~~~~ ~~  Mark/s obtained: 5 out of 10~~~~~~Your output:~~[Code goes into an Infinite Loop]~~~~FAILED: Test Case 2: ~~IN:~~Enter M: 3~~Enter N: 2~~Enter 6 elements: 1 2 3 4 5 6~~~~Exp OUT:~~1 2~~3 4~~5 6~~~~ ~~  Mark/s obtained: 5 out of 10~~~~~~Your output:~~[Code goes into an Infinite Loop]~~~~FAILED: Test Case 3: ~~IN:~~Enter M: 2~~Enter N: 3~~Enter 6 elements: 1 2 3 4 5 6~~~~Exp OUT:~~1 2 3~~4 5 6~~~~ ~~  Mark/s obtained: 5 out of 10~~~~~~Your output:~~[Code goes into an Infinite Loop]~~~~FAILED: Test Case 4: ~~IN:~~Enter M: 3~~Enter N: 3~~Enter 9 elements: 9 8 7 6 5 4 3 2 1~~~~Exp OUT:~~9 8 7~~6 5 4~~3 2 1~~~~ ~~  Mark/s obtained: 5 out of 10~~~~~~========= CODE CASES =========~~~~~~PASSED: Code Case 1:~~Taken Row and Column as Input~~  Mark/s obtained: 10 out of 10~~~~~~PASSED: Code Case 2:~~Initialized Matrix~~  Mark/s obtained: 10 out of 10~~~~~~PASSED: Code Case 3:~~Used malloc to Initialize~~  Mark/s obtained: 10 out of 10~~~~~~FAILED: Code Case 4:~~printed the output Matrix in order~~  Mark/s obtained: 5 out of 10~~~~~~FAILED: Code Case 5:~~Tried to use recursion~~  Mark/s obtained: 5 out of 10~~~~~~FAILED: Code Case 6:~~Printed the matrix while taking an input~~  Mark/s obtained: 5 out of 10~~~~~~==============================~~~~########### TOTAL MARKS OBTAINED = 65 ############
22CE10025;0;0;0;0;0;0;0;0;0;0;0;LT2 file was not submitted properly ~~Mark/s lost: 100 out of 100~~~~~~==============================~~~~############ TOTAL MARKS OBTAINED = 0 ############
22CY10048;5;5;5;5;10;10;10;5;5;5;65;========= TEST CASES =========~~~~~~Your output:~~[Code goes into an Infinite Loop]~~~~FAILED: Test Case 1: ~~IN:~~Enter M:2~~Enter N:2~~Enter 4 elements: 1 2 3 4~~~~Exp OUT:~~1 2~~3 4~~~~ ~~  Mark/s obtained: 5 out of 10~~~~~~Your output:~~[Code goes into an Infinite Loop]~~~~FAILED: Test Case 2: ~~IN:~~Enter M: 3~~Enter N: 2~~Enter 6 elements: 1 2 3 4 5 6~~~~Exp OUT:~~1 2~~3 4~~5 6~~~~ ~~  Mark/s obtained: 5 out of 10~~~~~~Your output:~~[Code goes into an Infinite Loop]~~~~FAILED: Test Case 3: ~~IN:~~Enter M: 2~~Enter N: 3~~Enter 6 elements: 1 2 3 4 5 6~~~~Exp OUT:~~1 2 3~~4 5 6~~~~ ~~  Mark/s obtained: 5 out of 10~~~~~~Your output:~~[Code goes into an Infinite Loop]~~~~FAILED: Test Case 4: ~~IN:~~Enter M: 3~~Enter N: 3~~Enter 9 elements: 9 8 7 6 5 4 3 2 1~~~~Exp OUT:~~9 8 7~~6 5 4~~3 2 1~~~~ ~~  Mark/s obtained: 5 out of 10~~~~~~========= CODE CASES =========~~~~~~PASSED: Code Case 1:~~Taken Row and Column as Input~~  Mark/s obtained: 10 out of 10~~~~~~PASSED: Code Case 2:~~Initialized Matrix~~  Mark/s obtained: 10 out of 10~~~~~~PASSED: Code Case 3:~~Used malloc to Initialize~~  Mark/s obtained: 10 out of 10~~~~~~FAILED: Code Case 4:~~printed the output Matrix in order~~  Mark/s obtained: 5 out of 10~~~~~~FAILED: Code Case 5:~~Tried to use recursion~~  Mark/s obtained: 5 out of 10~~~~~~FAILED: Code Case 6:~~Printed the matrix while taking an input~~  Mark/s obtained: 5 out of 10~~~~~~==============================~~~~########### TOTAL MARKS OBTAINED = 65 ############
22CH10044;0;0;0;0;0;0;0;0;0;0;0;LT2 file was not submitted properly ~~Mark/s lost: 100 out of 100~~~~~~==============================~~~~############ TOTAL MARKS OBTAINED = 0 ############
22ME30023;10;10;10;10;10;10;10;10;5;5;90;========= TEST CASES =========~~~~~~Your output:~~Enter M: Enter N: Enter 4 numbers for M1: 1 2 ~~3 4 ~~~~~~Your output:~~Enter M: Enter N: Enter 4 numbers for M1: 1 2 ~~3 4 ~~~~~~Your output:~~Enter M: Enter N: Enter 4 numbers for M1: 1 2 3 ~~4 5 6 ~~12611552 0 12583248 ~~~~~~Your output:~~Enter M: Enter N: Enter 4 numbers for M1: 9 8 7 ~~6 5 4 ~~3 2 1 ~~~~~~========= CODE CASES =========~~~~~~PASSED: Code Case 1:~~Taken Row and Column as Input~~  Mark/s obtained: 10 out of 10~~~~~~PASSED: Code Case 2:~~Initialized Matrix~~  Mark/s obtained: 10 out of 10~~~~~~PASSED: Code Case 3:~~Used malloc to Initialize~~  Mark/s obtained: 10 out of 10~~~~~~PASSED: Code Case 4:~~printed the output Matrix in order~~  Mark/s obtained: 10 out of 10~~~~~~FAILED: Code Case 5:~~Tried to use recursion~~  Mark/s obtained: 5 out of 10~~~~~~FAILED: Code Case 6:~~Printed the matrix while taking an input~~  Mark/s obtained: 5 out of 10~~~~~~==============================~~~~########### TOTAL MARKS OBTAINED = 90 ############
22CY10028;0;0;0;0;0;0;0;0;0;0;0;LT2 file was not submitted properly ~~Mark/s lost: 100 out of 100~~~~~~==============================~~~~############ TOTAL MARKS OBTAINED = 0 ############
22AE10014;10;10;10;10;10;10;10;10;10;5;95;========= TEST CASES =========~~~~~~Your output:~~Enter m:Enter n:Enter 4 elements: 1 2 ~~3 4 ~~~~~~Your output:~~Enter m:Enter n:Enter 6 elements: 1 2 ~~3 4 ~~5 6 ~~~~~~Your output:~~Enter m:Enter n:Enter 6 elements: 1 2 3 ~~4 5 6 ~~~~~~Your output:~~Enter m:Enter n:Enter 9 elements: 9 8 7 ~~6 5 4 ~~3 2 1 ~~~~~~========= CODE CASES =========~~~~~~PASSED: Code Case 1:~~Taken Row and Column as Input~~  Mark/s obtained: 10 out of 10~~~~~~PASSED: Code Case 2:~~Initialized Matrix~~  Mark/s obtained: 10 out of 10~~~~~~PASSED: Code Case 3:~~Used malloc to Initialize~~  Mark/s obtained: 10 out of 10~~~~~~PASSED: Code Case 4:~~printed the output Matrix in order~~  Mark/s obtained: 10 out of 10~~~~~~PASSED: Code Case 5:~~Tried to use recursion~~  Mark/s obtained: 10 out of 10~~~~~~FAILED: Code Case 6:~~Printed the matrix while taking an input~~  Mark/s obtained: 5 out of 10~~~~~~==============================~~~~########### TOTAL MARKS OBTAINED = 95 ############
22HS10050;0;0;0;0;0;0;0;0;0;0;0;LT2 file was not submitted properly ~~Mark/s lost: 100 out of 100~~~~~~==============================~~~~############ TOTAL MARKS OBTAINED = 0 ############
22EC10039;0;0;0;0;0;0;0;0;0;0;0;LT2 file was not submitted properly ~~Mark/s lost: 100 out of 100~~~~~~==============================~~~~############ TOTAL MARKS OBTAINED = 0 ############
22ME30061;5;5;5;5;10;10;10;5;5;5;65;========= TEST CASES =========~~~~~~Your output:~~Enter M:~~Enter N:~~Enter 4 elements~~~~FAILED: Test Case 1: ~~IN:~~Enter M:2~~Enter N:2~~Enter 4 elements: 1 2 3 4~~~~Exp OUT:~~1 2~~3 4~~~~ ~~  Mark/s obtained: 5 out of 10~~~~~~Your output:~~Enter M:~~Enter N:~~Enter 6 elements~~~~FAILED: Test Case 2: ~~IN:~~Enter M: 3~~Enter N: 2~~Enter 6 elements: 1 2 3 4 5 6~~~~Exp OUT:~~1 2~~3 4~~5 6~~~~ ~~  Mark/s obtained: 5 out of 10~~~~~~Your output:~~Enter M:~~Enter N:~~Enter 6 elements~~~~FAILED: Test Case 3: ~~IN:~~Enter M: 2~~Enter N: 3~~Enter 6 elements: 1 2 3 4 5 6~~~~Exp OUT:~~1 2 3~~4 5 6~~~~ ~~  Mark/s obtained: 5 out of 10~~~~~~Your output:~~Enter M:~~Enter N:~~Enter 9 elements~~~~FAILED: Test Case 4: ~~IN:~~Enter M: 3~~Enter N: 3~~Enter 9 elements: 9 8 7 6 5 4 3 2 1~~~~Exp OUT:~~9 8 7~~6 5 4~~3 2 1~~~~ ~~  Mark/s obtained: 5 out of 10~~~~~~========= CODE CASES =========~~~~~~PASSED: Code Case 1:~~Taken Row and Column as Input~~  Mark/s obtained: 10 out of 10~~~~~~PASSED: Code Case 2:~~Initialized Matrix~~  Mark/s obtained: 10 out of 10~~~~~~PASSED: Code Case 3:~~Used malloc to Initialize~~  Mark/s obtained: 10 out of 10~~~~~~FAILED: Code Case 4:~~printed the output Matrix in order~~  Mark/s obtained: 5 out of 10~~~~~~FAILED: Code Case 5:~~Tried to use recursion~~  Mark/s obtained: 5 out of 10~~~~~~FAILED: Code Case 6:~~Printed the matrix while taking an input~~  Mark/s obtained: 5 out of 10~~~~~~==============================~~~~########### TOTAL MARKS OBTAINED = 65 ############
22CS10029;0;0;0;0;0;0;0;0;0;0;0;LT2 file was not submitted properly ~~Mark/s lost: 100 out of 100~~~~~~==============================~~~~############ TOTAL MARKS OBTAINED = 0 ############
22MA10002;10;10;10;10;10;10;10;10;10;5;95;========= TEST CASES =========~~~~~~Your output:~~enter the number of rows~~enter the number of colums~~enter the matrix~~the matrix is ~~1 2 ~~3 4 ~~~~~~Your output:~~enter the number of rows~~enter the number of colums~~enter the matrix~~the matrix is ~~1 2 ~~3 4 ~~5 6 ~~~~~~Your output:~~enter the number of rows~~enter the number of colums~~enter the matrix~~the matrix is ~~1 2 3 ~~4 5 6 ~~~~~~Your output:~~enter the number of rows~~enter the number of colums~~enter the matrix~~the matrix is ~~9 8 7 ~~6 5 4 ~~3 2 1 ~~~~~~========= CODE CASES =========~~~~~~PASSED: Code Case 1:~~Taken Row and Column as Input~~  Mark/s obtained: 10 out of 10~~~~~~PASSED: Code Case 2:~~Initialized Matrix~~  Mark/s obtained: 10 out of 10~~~~~~PASSED: Code Case 3:~~Used malloc to Initialize~~  Mark/s obtained: 10 out of 10~~~~~~PASSED: Code Case 4:~~printed the output Matrix in order~~  Mark/s obtained: 10 out of 10~~~~~~PASSED: Code Case 5:~~Tried to use recursion~~  Mark/s obtained: 10 out of 10~~~~~~FAILED: Code Case 6:~~Printed the matrix while taking an input~~  Mark/s obtained: 5 out of 10~~~~~~==============================~~~~########### TOTAL MARKS OBTAINED = 95 ############
22MI10013;5;5;5;5;10;10;10;10;5;5;70;========= TEST CASES =========~~~~~~Your output:~~enter the number of rowsenter the number of colthe array elements are:~~01~~12~~~~~~FAILED: Test Case 1: ~~IN:~~Enter M:2~~Enter N:2~~Enter 4 elements: 1 2 3 4~~~~Exp OUT:~~1 2~~3 4~~~~ ~~  Mark/s obtained: 5 out of 10~~~~~~Your output:~~enter the number of rowsenter the number of colthe array elements are:~~01~~12~~23~~~~~~FAILED: Test Case 2: ~~IN:~~Enter M: 3~~Enter N: 2~~Enter 6 elements: 1 2 3 4 5 6~~~~Exp OUT:~~1 2~~3 4~~5 6~~~~ ~~  Mark/s obtained: 5 out of 10~~~~~~Your output:~~enter the number of rowsenter the number of colthe array elements are:~~012~~123~~~~~~FAILED: Test Case 3: ~~IN:~~Enter M: 2~~Enter N: 3~~Enter 6 elements: 1 2 3 4 5 6~~~~Exp OUT:~~1 2 3~~4 5 6~~~~ ~~  Mark/s obtained: 5 out of 10~~~~~~Your output:~~enter the number of rowsenter the number of colthe array elements are:~~012~~123~~234~~~~~~FAILED: Test Case 4: ~~IN:~~Enter M: 3~~Enter N: 3~~Enter 9 elements: 9 8 7 6 5 4 3 2 1~~~~Exp OUT:~~9 8 7~~6 5 4~~3 2 1~~~~ ~~  Mark/s obtained: 5 out of 10~~~~~~========= CODE CASES =========~~~~~~PASSED: Code Case 1:~~Taken Row and Column as Input~~  Mark/s obtained: 10 out of 10~~~~~~PASSED: Code Case 2:~~Initialized Matrix~~  Mark/s obtained: 10 out of 10~~~~~~PASSED: Code Case 3:~~Used malloc to Initialize~~  Mark/s obtained: 10 out of 10~~~~~~PASSED: Code Case 4:~~printed the output Matrix in order~~  Mark/s obtained: 10 out of 10~~~~~~FAILED: Code Case 5:~~Tried to use recursion~~  Mark/s obtained: 5 out of 10~~~~~~FAILED: Code Case 6:~~Printed the matrix while taking an input~~  Mark/s obtained: 5 out of 10~~~~~~==============================~~~~########### TOTAL MARKS OBTAINED = 70 ############
22CH10064;10;10;10;10;10;10;10;10;5;5;90;========= TEST CASES =========~~~~~~Your output:~~Enter M: Enter N: ~~Enter 4 elements: 1 2 3 4 ~~~~~~Your output:~~Enter M: Enter N: ~~Enter 6 elements: 1 2 3 4 5 6 ~~~~~~Your output:~~Enter M: Enter N: ~~Enter 6 elements: 1 2 3 4 5 6 ~~~~~~Your output:~~Enter M: Enter N: ~~Enter 9 elements: 9 8 7 6 5 4 3 2 1 ~~~~~~========= CODE CASES =========~~~~~~PASSED: Code Case 1:~~Taken Row and Column as Input~~  Mark/s obtained: 10 out of 10~~~~~~PASSED: Code Case 2:~~Initialized Matrix~~  Mark/s obtained: 10 out of 10~~~~~~PASSED: Code Case 3:~~Used malloc to Initialize~~  Mark/s obtained: 10 out of 10~~~~~~PASSED: Code Case 4:~~printed the output Matrix in order~~  Mark/s obtained: 10 out of 10~~~~~~FAILED: Code Case 5:~~Tried to use recursion~~  Mark/s obtained: 5 out of 10~~~~~~FAILED: Code Case 6:~~Printed the matrix while taking an input~~  Mark/s obtained: 5 out of 10~~~~~~==============================~~~~########### TOTAL MARKS OBTAINED = 90 ############
22HS10010;0;0;0;0;0;0;0;0;0;0;0;LT2 file was not submitted properly ~~Mark/s lost: 100 out of 100~~~~~~==============================~~~~############ TOTAL MARKS OBTAINED = 0 ############
22CH10004;5;5;5;5;10;10;5;5;5;5;60;========= TEST CASES =========~~~~~~Your output:~~~~~~FAILED: Test Case 1: ~~IN:~~Enter M:2~~Enter N:2~~Enter 4 elements: 1 2 3 4~~~~Exp OUT:~~1 2~~3 4~~~~ ~~  Mark/s obtained: 5 out of 10~~~~~~Your output:~~~~~~FAILED: Test Case 2: ~~IN:~~Enter M: 3~~Enter N: 2~~Enter 6 elements: 1 2 3 4 5 6~~~~Exp OUT:~~1 2~~3 4~~5 6~~~~ ~~  Mark/s obtained: 5 out of 10~~~~~~Your output:~~~~~~FAILED: Test Case 3: ~~IN:~~Enter M: 2~~Enter N: 3~~Enter 6 elements: 1 2 3 4 5 6~~~~Exp OUT:~~1 2 3~~4 5 6~~~~ ~~  Mark/s obtained: 5 out of 10~~~~~~Your output:~~~~~~FAILED: Test Case 4: ~~IN:~~Enter M: 3~~Enter N: 3~~Enter 9 elements: 9 8 7 6 5 4 3 2 1~~~~Exp OUT:~~9 8 7~~6 5 4~~3 2 1~~~~ ~~  Mark/s obtained: 5 out of 10~~~~~~========= CODE CASES =========~~~~~~PASSED: Code Case 1:~~Taken Row and Column as Input~~  Mark/s obtained: 10 out of 10~~~~~~PASSED: Code Case 2:~~Initialized Matrix~~  Mark/s obtained: 10 out of 10~~~~~~FAILED: Code Case 3:~~Used malloc to Initialize~~  Mark/s obtained: 5 out of 10~~~~~~FAILED: Code Case 4:~~printed the output Matrix in order~~  Mark/s obtained: 5 out of 10~~~~~~FAILED: Code Case 5:~~Tried to use recursion~~  Mark/s obtained: 5 out of 10~~~~~~FAILED: Code Case 6:~~Printed the matrix while taking an input~~  Mark/s obtained: 5 out of 10~~~~~~==============================~~~~########### TOTAL MARKS OBTAINED = 60 ############
22MI33013;5;5;5;5;10;10;5;5;5;5;60;========= TEST CASES =========~~~~~~Your output:~~enter values of m ,n : value of arr[2][2] is 1value of arr[2][2] is 2value of arr[2][2] is 3value of arr[2][2] is 4value of arr[2][2] is 1value of arr[2][2] is 2value of arr[2][2] is 3value of arr[2][2] is 4value of arr[2][2] is 1value of arr[2][2] is 2value of arr[2][2] is 3value of arr[2][2] is 4value of arr[2][2] is 1value of arr[2][2] is 2value of arr[2][2] is 3value of arr[2][2] is 4~~~~FAILED: Test Case 1: ~~IN:~~Enter M:2~~Enter N:2~~Enter 4 elements: 1 2 3 4~~~~Exp OUT:~~1 2~~3 4~~~~ ~~  Mark/s obtained: 5 out of 10~~~~~~Your output:~~enter values of m ,n : value of arr[3][2] is 1value of arr[3][2] is 2value of arr[3][2] is 3value of arr[3][2] is 4value of arr[3][2] is 5value of arr[3][2] is 6value of arr[3][2] is 1value of arr[3][2] is 2value of arr[3][2] is 3value of arr[3][2] is 4value of arr[3][2] is 5value of arr[3][2] is 6value of arr[3][2] is 1value of arr[3][2] is 2value of arr[3][2] is 3value of arr[3][2] is 4value of arr[3][2] is 5value of arr[3][2] is 6value of arr[3][2] is 1value of arr[3][2] is 2value of arr[3][2...~~~~FAILED: Test Case 2: ~~IN:~~Enter M: 3~~Enter N: 2~~Enter 6 elements: 1 2 3 4 5 6~~~~Exp OUT:~~1 2~~3 4~~5 6~~~~ ~~  Mark/s obtained: 5 out of 10~~~~~~Your output:~~enter values of m ,n : value of arr[2][3] is 1value of arr[2][3] is 2value of arr[2][3] is 3value of arr[2][3] is 4value of arr[2][3] is 5value of arr[2][3] is 6value of arr[2][3] is 1value of arr[2][3] is 2value of arr[2][3] is 3value of arr[2][3] is 4value of arr[2][3] is 5value of arr[2][3] is 6value of arr[2][3] is 1value of arr[2][3] is 2value of arr[2][3] is 3value of arr[2][3] is 4value of arr[2][3] is 5value of arr[2][3] is 6value of arr[2][3] is 1value of arr[2][3] is 2value of arr[2][3...~~~~FAILED: Test Case 3: ~~IN:~~Enter M: 2~~Enter N: 3~~Enter 6 elements: 1 2 3 4 5 6~~~~Exp OUT:~~1 2 3~~4 5 6~~~~ ~~  Mark/s obtained: 5 out of 10~~~~~~Your output:~~enter values of m ,n : value of arr[3][3] is 1value of arr[3][3] is 2value of arr[3][3] is 3value of arr[3][3] is 4value of arr[3][3] is 5value of arr[3][3] is 6value of arr[3][3] is 7value of arr[3][3] is 8value of arr[3][3] is 9value of arr[3][3] is 1value of arr[3][3] is 2value of arr[3][3] is 3value of arr[3][3] is 4value of arr[3][3] is 5value of arr[3][3] is 6value of arr[3][3] is 7value of arr[3][3] is 8value of arr[3][3] is 9value of arr[3][3] is 1value of arr[3][3] is 2value of arr[3][3...~~~~FAILED: Test Case 4: ~~IN:~~Enter M: 3~~Enter N: 3~~Enter 9 elements: 9 8 7 6 5 4 3 2 1~~~~Exp OUT:~~9 8 7~~6 5 4~~3 2 1~~~~ ~~  Mark/s obtained: 5 out of 10~~~~~~========= CODE CASES =========~~~~~~PASSED: Code Case 1:~~Taken Row and Column as Input~~  Mark/s obtained: 10 out of 10~~~~~~PASSED: Code Case 2:~~Initialized Matrix~~  Mark/s obtained: 10 out of 10~~~~~~FAILED: Code Case 3:~~Used malloc to Initialize~~  Mark/s obtained: 5 out of 10~~~~~~FAILED: Code Case 4:~~printed the output Matrix in order~~  Mark/s obtained: 5 out of 10~~~~~~FAILED: Code Case 5:~~Tried to use recursion~~  Mark/s obtained: 5 out of 10~~~~~~FAILED: Code Case 6:~~Printed the matrix while taking an input~~  Mark/s obtained: 5 out of 10~~~~~~==============================~~~~########### TOTAL MARKS OBTAINED = 60 ############
22EC10019;10;10;10;10;10;10;10;10;10;10;100;Good work~~~~========= TEST CASES =========~~~~~~Your output:~~Enter number of rows in matrix :Enter number of columns in matrix :Enter 4 elements:1 2~~ 3 4 ~~~~Your output:~~Enter number of rows in matrix :Enter number of columns in matrix :Enter 6 elements:1 2~~ 3 4~~ 5 6 ~~~~Your output:~~Enter number of rows in matrix :Enter number of columns in matrix :Enter 6 elements:1 2 3~~ 4 5 6 ~~~~Your output:~~Enter number of rows in matrix :Enter number of columns in matrix :Enter 9 elements:9 8 7~~ 6 5 4~~ 3 2 1 ~~~~========= CODE CASES =========~~~~~~PASSED: Code Case 1:~~Taken Row and Column as Input~~  Mark/s obtained: 10 out of 10~~~~~~PASSED: Code Case 2:~~Initialized Matrix~~  Mark/s obtained: 10 out of 10~~~~~~PASSED: Code Case 3:~~Used malloc to Initialize~~  Mark/s obtained: 10 out of 10~~~~~~PASSED: Code Case 4:~~printed the output Matrix in order~~  Mark/s obtained: 10 out of 10~~~~~~PASSED: Code Case 5:~~Tried to use recursion~~  Mark/s obtained: 10 out of 10~~~~~~PASSED: Code Case 6:~~Printed the matrix while taking an input~~  Mark/s obtained: 10 out of 10~~~~~~==============================~~~~########### TOTAL MARKS OBTAINED = 100 ###########
22MF10026;0;0;0;0;10;10;5;10;5;5;45;========= TEST CASES =========~~~~~~FAILED: Code didn't compile successfully~~  Mark/s obtained: 0 out of 40~~~~~~========= CODE CASES =========~~~~~~PASSED: Code Case 1:~~Taken Row and Column as Input~~  Mark/s obtained: 10 out of 10~~~~~~PASSED: Code Case 2:~~Initialized Matrix~~  Mark/s obtained: 10 out of 10~~~~~~FAILED: Code Case 3:~~Used malloc to Initialize~~  Mark/s obtained: 5 out of 10~~~~~~PASSED: Code Case 4:~~printed the output Matrix in order~~  Mark/s obtained: 10 out of 10~~~~~~FAILED: Code Case 5:~~Tried to use recursion~~  Mark/s obtained: 5 out of 10~~~~~~FAILED: Code Case 6:~~Printed the matrix while taking an input~~  Mark/s obtained: 5 out of 10~~~~~~==============================~~~~########### TOTAL MARKS OBTAINED = 45 ############
22CS10069;0;0;0;0;0;0;0;0;0;0;0;LT2 file was not submitted properly ~~Mark/s lost: 100 out of 100~~~~~~==============================~~~~############ TOTAL MARKS OBTAINED = 0 ############
22PH10051;0;0;0;0;10;10;10;5;5;5;45;========= TEST CASES =========~~~~~~FAILED: Code didn't compile successfully~~  Mark/s obtained: 0 out of 40~~~~~~========= CODE CASES =========~~~~~~PASSED: Code Case 1:~~Taken Row and Column as Input~~  Mark/s obtained: 10 out of 10~~~~~~PASSED: Code Case 2:~~Initialized Matrix~~  Mark/s obtained: 10 out of 10~~~~~~PASSED: Code Case 3:~~Used malloc to Initialize~~  Mark/s obtained: 10 out of 10~~~~~~FAILED: Code Case 4:~~printed the output Matrix in order~~  Mark/s obtained: 5 out of 10~~~~~~FAILED: Code Case 5:~~Tried to use recursion~~  Mark/s obtained: 5 out of 10~~~~~~FAILED: Code Case 6:~~Printed the matrix while taking an input~~  Mark/s obtained: 5 out of 10~~~~~~==============================~~~~########### TOTAL MARKS OBTAINED = 45 ############
22IM10039;0;0;0;0;0;0;0;0;0;0;0;LT2 file was not submitted properly ~~Mark/s lost: 100 out of 100~~~~~~==============================~~~~############ TOTAL MARKS OBTAINED = 0 ############
22BT30002;0;0;0;0;0;0;0;0;0;0;0;LT2 file was not submitted properly ~~Mark/s lost: 100 out of 100~~~~~~==============================~~~~############ TOTAL MARKS OBTAINED = 0 ############
22MT30016;5;5;5;5;10;10;10;10;10;10;80;========= TEST CASES =========~~~~~~Your output:~~enter m,n:~~~~FAILED: Test Case 1: ~~IN:~~Enter M:2~~Enter N:2~~Enter 4 elements: 1 2 3 4~~~~Exp OUT:~~1 2~~3 4~~~~ ~~  Mark/s obtained: 5 out of 10~~~~~~Your output:~~enter m,n:~~~~FAILED: Test Case 2: ~~IN:~~Enter M: 3~~Enter N: 2~~Enter 6 elements: 1 2 3 4 5 6~~~~Exp OUT:~~1 2~~3 4~~5 6~~~~ ~~  Mark/s obtained: 5 out of 10~~~~~~Your output:~~enter m,n:~~~~FAILED: Test Case 3: ~~IN:~~Enter M: 2~~Enter N: 3~~Enter 6 elements: 1 2 3 4 5 6~~~~Exp OUT:~~1 2 3~~4 5 6~~~~ ~~  Mark/s obtained: 5 out of 10~~~~~~Your output:~~enter m,n:~~~~FAILED: Test Case 4: ~~IN:~~Enter M: 3~~Enter N: 3~~Enter 9 elements: 9 8 7 6 5 4 3 2 1~~~~Exp OUT:~~9 8 7~~6 5 4~~3 2 1~~~~ ~~  Mark/s obtained: 5 out of 10~~~~~~========= CODE CASES =========~~~~~~PASSED: Code Case 1:~~Taken Row and Column as Input~~  Mark/s obtained: 10 out of 10~~~~~~PASSED: Code Case 2:~~Initialized Matrix~~  Mark/s obtained: 10 out of 10~~~~~~PASSED: Code Case 3:~~Used malloc to Initialize~~  Mark/s obtained: 10 out of 10~~~~~~PASSED: Code Case 4:~~printed the output Matrix in order~~  Mark/s obtained: 10 out of 10~~~~~~PASSED: Code Case 5:~~Tried to use recursion~~  Mark/s obtained: 10 out of 10~~~~~~PASSED: Code Case 6:~~Printed the matrix while taking an input~~  Mark/s obtained: 10 out of 10~~~~~~==============================~~~~########### TOTAL MARKS OBTAINED = 80 ############
22ME10083;0;0;0;0;0;0;0;0;0;0;0;LT2 file was not submitted properly ~~Mark/s lost: 100 out of 100~~~~~~==============================~~~~############ TOTAL MARKS OBTAINED = 0 ############
22CS30048;10;10;10;10;10;10;10;10;10;5;95;========= TEST CASES =========~~~~~~Your output:~~Enter M:Enter N:Enter the element 1:Enter the element 2:Enter the element 3:Enter the element 4:1 2 ~~3 4 ~~~~~~Your output:~~Enter M:Enter N:Enter the element 1:Enter the element 2:Enter the element 3:Enter the element 4:Enter the element 5:Enter the element 6:1 2 ~~3 4 ~~5 6 ~~~~~~Your output:~~Enter M:Enter N:Enter the element 1:Enter the element 2:Enter the element 3:Enter the element 4:Enter the element 5:Enter the element 6:1 2 3 ~~4 5 6 ~~~~~~Your output:~~Enter M:Enter N:Enter the element 1:Enter the element 2:Enter the element 3:Enter the element 4:Enter the element 5:Enter the element 6:Enter the element 7:Enter the element 8:Enter the element 9:9 8 7 ~~6 5 4 ~~3 2 1 ~~~~~~========= CODE CASES =========~~~~~~PASSED: Code Case 1:~~Taken Row and Column as Input~~  Mark/s obtained: 10 out of 10~~~~~~PASSED: Code Case 2:~~Initialized Matrix~~  Mark/s obtained: 10 out of 10~~~~~~PASSED: Code Case 3:~~Used malloc to Initialize~~  Mark/s obtained: 10 out of 10~~~~~~PASSED: Code Case 4:~~printed the output Matrix in order~~  Mark/s obtained: 10 out of 10~~~~~~PASSED: Code Case 5:~~Tried to use recursion~~  Mark/s obtained: 10 out of 10~~~~~~FAILED: Code Case 6:~~Printed the matrix while taking an input~~  Mark/s obtained: 5 out of 10~~~~~~==============================~~~~########### TOTAL MARKS OBTAINED = 95 ############
22EC30027;0;0;0;0;0;0;0;0;0;0;0;LT2 file was not submitted properly ~~Mark/s lost: 100 out of 100~~~~~~==============================~~~~############ TOTAL MARKS OBTAINED = 0 ############
22ME10026;0;0;0;0;0;0;0;0;0;0;0;LT2 file was not submitted properly ~~Mark/s lost: 100 out of 100~~~~~~==============================~~~~############ TOTAL MARKS OBTAINED = 0 ############
22CE10005;5;5;5;5;10;10;10;5;5;5;65;========= TEST CASES =========~~~~~~Your output:~~Enter M: ~~Enter N: ~~Enter 0 row element:Enter 0 column element:Enter 0 row element:Enter 1 column element:Enter 1 row element:Enter 0 column element:Enter 1 row element:Enter 1 column element:Enter the value of n :~~~~~~FAILED: Test Case 1: ~~IN:~~Enter M:2~~Enter N:2~~Enter 4 elements: 1 2 3 4~~~~Exp OUT:~~1 2~~3 4~~~~ ~~  Mark/s obtained: 5 out of 10~~~~~~Your output:~~Enter M: ~~Enter N: ~~Enter 0 row element:Enter 0 column element:Enter 0 row element:Enter 1 column element:Enter 1 row element:Enter 0 column element:Enter 1 row element:Enter 1 column element:Enter 2 row element:Enter 0 column element:Enter 2 row element:Enter 1 column element:Enter the value of n :~~~~~~FAILED: Test Case 2: ~~IN:~~Enter M: 3~~Enter N: 2~~Enter 6 elements: 1 2 3 4 5 6~~~~Exp OUT:~~1 2~~3 4~~5 6~~~~ ~~  Mark/s obtained: 5 out of 10~~~~~~Your output:~~Enter M: ~~Enter N: ~~Enter 0 row element:Enter 0 column element:Enter 0 row element:Enter 1 column element:Enter 0 row element:Enter 2 column element:Enter 1 row element:Enter 0 column element:Enter 1 row element:Enter 1 column element:Enter 1 row element:Enter 2 column element:Enter the value of n :~~~~~~FAILED: Test Case 3: ~~IN:~~Enter M: 2~~Enter N: 3~~Enter 6 elements: 1 2 3 4 5 6~~~~Exp OUT:~~1 2 3~~4 5 6~~~~ ~~  Mark/s obtained: 5 out of 10~~~~~~Your output:~~Enter M: ~~Enter N: ~~Enter 0 row element:Enter 0 column element:Enter 0 row element:Enter 1 column element:Enter 0 row element:Enter 2 column element:Enter 1 row element:Enter 0 column element:Enter 1 row element:Enter 1 column element:Enter 1 row element:Enter 2 column element:Enter 2 row element:Enter 0 column element:Enter 2 row element:Enter 1 column element:Enter 2 row element:Enter 2 column element:Enter the value of n :~~~~~~FAILED: Test Case 4: ~~IN:~~Enter M: 3~~Enter N: 3~~Enter 9 elements: 9 8 7 6 5 4 3 2 1~~~~Exp OUT:~~9 8 7~~6 5 4~~3 2 1~~~~ ~~  Mark/s obtained: 5 out of 10~~~~~~========= CODE CASES =========~~~~~~PASSED: Code Case 1:~~Taken Row and Column as Input~~  Mark/s obtained: 10 out of 10~~~~~~PASSED: Code Case 2:~~Initialized Matrix~~  Mark/s obtained: 10 out of 10~~~~~~PASSED: Code Case 3:~~Used malloc to Initialize~~  Mark/s obtained: 10 out of 10~~~~~~FAILED: Code Case 4:~~printed the output Matrix in order~~  Mark/s obtained: 5 out of 10~~~~~~FAILED: Code Case 5:~~Tried to use recursion~~  Mark/s obtained: 5 out of 10~~~~~~FAILED: Code Case 6:~~Printed the matrix while taking an input~~  Mark/s obtained: 5 out of 10~~~~~~==============================~~~~########### TOTAL MARKS OBTAINED = 65 ############
22MA10040;5;5;5;5;10;10;10;10;10;5;75;========= TEST CASES =========~~~~~~Your output:~~[Code goes into an Infinite Loop]~~~~FAILED: Test Case 1: ~~IN:~~Enter M:2~~Enter N:2~~Enter 4 elements: 1 2 3 4~~~~Exp OUT:~~1 2~~3 4~~~~ ~~  Mark/s obtained: 5 out of 10~~~~~~Your output:~~[Code goes into an Infinite Loop]~~~~FAILED: Test Case 2: ~~IN:~~Enter M: 3~~Enter N: 2~~Enter 6 elements: 1 2 3 4 5 6~~~~Exp OUT:~~1 2~~3 4~~5 6~~~~ ~~  Mark/s obtained: 5 out of 10~~~~~~Your output:~~Enter m:Entr n:Enter 6 Elements:7864656~~0~~7892960~~~~6~~5~~1~~~~~~FAILED: Test Case 3: ~~IN:~~Enter M: 2~~Enter N: 3~~Enter 6 elements: 1 2 3 4 5 6~~~~Exp OUT:~~1 2 3~~4 5 6~~~~ ~~  Mark/s obtained: 5 out of 10~~~~~~Your output:~~[Code goes into an Infinite Loop]~~~~FAILED: Test Case 4: ~~IN:~~Enter M: 3~~Enter N: 3~~Enter 9 elements: 9 8 7 6 5 4 3 2 1~~~~Exp OUT:~~9 8 7~~6 5 4~~3 2 1~~~~ ~~  Mark/s obtained: 5 out of 10~~~~~~========= CODE CASES =========~~~~~~PASSED: Code Case 1:~~Taken Row and Column as Input~~  Mark/s obtained: 10 out of 10~~~~~~PASSED: Code Case 2:~~Initialized Matrix~~  Mark/s obtained: 10 out of 10~~~~~~PASSED: Code Case 3:~~Used malloc to Initialize~~  Mark/s obtained: 10 out of 10~~~~~~PASSED: Code Case 4:~~printed the output Matrix in order~~  Mark/s obtained: 10 out of 10~~~~~~PASSED: Code Case 5:~~Tried to use recursion~~  Mark/s obtained: 10 out of 10~~~~~~FAILED: Code Case 6:~~Printed the matrix while taking an input~~  Mark/s obtained: 5 out of 10~~~~~~==============================~~~~########### TOTAL MARKS OBTAINED = 75 ############
22CY10008;0;0;0;0;0;0;0;0;0;0;0;LT2 file was not submitted properly ~~Mark/s lost: 100 out of 100~~~~~~==============================~~~~############ TOTAL MARKS OBTAINED = 0 ############
22EE10068;0;0;0;0;0;0;0;0;0;0;0;LT2 file was not submitted properly ~~Mark/s lost: 100 out of 100~~~~~~==============================~~~~############ TOTAL MARKS OBTAINED = 0 ############
22AG30048;5;5;5;5;10;10;5;5;5;5;60;========= TEST CASES =========~~~~~~Your output:~~ENTER M:ENTER N:enter 2 elements:23~~2	~~3	~~~~~~FAILED: Test Case 1: ~~IN:~~Enter M:2~~Enter N:2~~Enter 4 elements: 1 2 3 4~~~~Exp OUT:~~1 2~~3 4~~~~ ~~  Mark/s obtained: 5 out of 10~~~~~~Your output:~~ENTER M:ENTER N:enter 3 elements:23~~2	~~3	~~~~~~FAILED: Test Case 2: ~~IN:~~Enter M: 3~~Enter N: 2~~Enter 6 elements: 1 2 3 4 5 6~~~~Exp OUT:~~1 2~~3 4~~5 6~~~~ ~~  Mark/s obtained: 5 out of 10~~~~~~Your output:~~ENTER M:ENTER N:enter 2 elements:234~~2	~~3	~~4	~~~~~~FAILED: Test Case 3: ~~IN:~~Enter M: 2~~Enter N: 3~~Enter 6 elements: 1 2 3 4 5 6~~~~Exp OUT:~~1 2 3~~4 5 6~~~~ ~~  Mark/s obtained: 5 out of 10~~~~~~Your output:~~ENTER M:ENTER N:enter 3 elements:876543210000000000000000000~~8	7	6	5	4	3	2	1	0	~~0	0	0	0	0	0	0	0	0	~~0	0	0	0	0	0	0	0	0	~~~~~~FAILED: Test Case 4: ~~IN:~~Enter M: 3~~Enter N: 3~~Enter 9 elements: 9 8 7 6 5 4 3 2 1~~~~Exp OUT:~~9 8 7~~6 5 4~~3 2 1~~~~ ~~  Mark/s obtained: 5 out of 10~~~~~~========= CODE CASES =========~~~~~~PASSED: Code Case 1:~~Taken Row and Column as Input~~  Mark/s obtained: 10 out of 10~~~~~~PASSED: Code Case 2:~~Initialized Matrix~~  Mark/s obtained: 10 out of 10~~~~~~FAILED: Code Case 3:~~Used malloc to Initialize~~  Mark/s obtained: 5 out of 10~~~~~~FAILED: Code Case 4:~~printed the output Matrix in order~~  Mark/s obtained: 5 out of 10~~~~~~FAILED: Code Case 5:~~Tried to use recursion~~  Mark/s obtained: 5 out of 10~~~~~~FAILED: Code Case 6:~~Printed the matrix while taking an input~~  Mark/s obtained: 5 out of 10~~~~~~==============================~~~~########### TOTAL MARKS OBTAINED = 60 ############
22BT10019;0;0;0;0;0;0;0;0;0;0;0;LT2 file was not submitted properly ~~Mark/s lost: 100 out of 100~~~~~~==============================~~~~############ TOTAL MARKS OBTAINED = 0 ############
22CH10024;5;5;5;5;10;10;10;10;5;5;70;========= TEST CASES =========~~~~~~Your output:~~[Code goes into an Infinite Loop]~~~~FAILED: Test Case 1: ~~IN:~~Enter M:2~~Enter N:2~~Enter 4 elements: 1 2 3 4~~~~Exp OUT:~~1 2~~3 4~~~~ ~~  Mark/s obtained: 5 out of 10~~~~~~Your output:~~[Code goes into an Infinite Loop]~~~~FAILED: Test Case 2: ~~IN:~~Enter M: 3~~Enter N: 2~~Enter 6 elements: 1 2 3 4 5 6~~~~Exp OUT:~~1 2~~3 4~~5 6~~~~ ~~  Mark/s obtained: 5 out of 10~~~~~~Your output:~~[Code goes into an Infinite Loop]~~~~FAILED: Test Case 3: ~~IN:~~Enter M: 2~~Enter N: 3~~Enter 6 elements: 1 2 3 4 5 6~~~~Exp OUT:~~1 2 3~~4 5 6~~~~ ~~  Mark/s obtained: 5 out of 10~~~~~~Your output:~~[Code goes into an Infinite Loop]~~~~FAILED: Test Case 4: ~~IN:~~Enter M: 3~~Enter N: 3~~Enter 9 elements: 9 8 7 6 5 4 3 2 1~~~~Exp OUT:~~9 8 7~~6 5 4~~3 2 1~~~~ ~~  Mark/s obtained: 5 out of 10~~~~~~========= CODE CASES =========~~~~~~PASSED: Code Case 1:~~Taken Row and Column as Input~~  Mark/s obtained: 10 out of 10~~~~~~PASSED: Code Case 2:~~Initialized Matrix~~  Mark/s obtained: 10 out of 10~~~~~~PASSED: Code Case 3:~~Used malloc to Initialize~~  Mark/s obtained: 10 out of 10~~~~~~PASSED: Code Case 4:~~printed the output Matrix in order~~  Mark/s obtained: 10 out of 10~~~~~~FAILED: Code Case 5:~~Tried to use recursion~~  Mark/s obtained: 5 out of 10~~~~~~FAILED: Code Case 6:~~Printed the matrix while taking an input~~  Mark/s obtained: 5 out of 10~~~~~~==============================~~~~########### TOTAL MARKS OBTAINED = 70 ############
